Series Name,Series Code,Country Name,Country Code,1990 [YR1990],2000 [YR2000],2010 [YR2010],2011 [YR2011],2012 [YR2012],2013 [YR2013],2014 [YR2014],2015 [YR2015],2016 [YR2016],2017 [YR2017],2018 [YR2018],2019 [YR2019]
Urban population (% of total population),SP.URB.TOTL.IN.ZS,Afghanistan,AFG,21.177,22.078,23.737,23.948,24.16,24.373,24.587,24.803,25.02,25.25,25.495,..
Urban population (% of total population),SP.URB.TOTL.IN.ZS,Albania,ALB,36.428,41.741,52.163,53.247,54.33,55.387,56.423,57.434,58.421,59.383,60.319,..
Urban population (% of total population),SP.URB.TOTL.IN.ZS,Algeria,DZA,52.085,59.919,67.54,68.236,68.915,69.576,70.221,70.848,71.459,72.052,72.629,..
Urban population (% of total population),SP.URB.TOTL.IN.ZS,American Samoa,ASM,80.948,88.587,87.594,87.502,87.42,87.348,87.288,87.238,87.198,87.17,87.153,..
Urban population (% of total population),SP.URB.TOTL.IN.ZS,Andorra,AND,94.712,92.395,88.819,88.726,88.631,88.537,88.441,88.345,88.248,88.15,88.062,..
Urban population (% of total population),SP.URB.TOTL.IN.ZS,Angola,AGO,37.144,50.087,59.783,60.528,61.268,62.002,62.731,63.446,64.149,64.839,65.514,..
Urban population (% of total population),SP.URB.TOTL.IN.ZS,Antigua and Barbuda,ATG,35.426,32.127,26.238,25.703,25.526,25.35,25.175,25,24.846,24.713,24.599,..
Urban population (% of total population),SP.URB.TOTL.IN.ZS,Argentina,ARG,86.984,89.142,90.849,90.99,91.121,91.249,91.377,91.503,91.627,91.749,91.87,..
Urban population (% of total population),SP.URB.TOTL.IN.ZS,Armenia,ARM,67.421,64.666,63.44,63.34,63.24,63.164,63.112,63.085,63.082,63.103,63.149,..
Urban population (% of total population),SP.URB.TOTL.IN.ZS,Aruba,ABW,50.319,46.717,43.059,42.94,42.957,42.99,43.041,43.108,43.192,43.293,43.411,..
Urban population (% of total population),SP.URB.TOTL.IN.ZS,Australia,AUS,85.433,84.235,85.182,85.3,85.402,85.502,85.602,85.701,85.8,85.904,86.012,..
Urban population (% of total population),SP.URB.TOTL.IN.ZS,Austria,AUT,62.96,60.213,57.399,57.115,57.147,57.336,57.526,57.715,57.905,58.094,58.297,..
Urban population (% of total population),SP.URB.TOTL.IN.ZS,Azerbaijan,AZE,53.749,51.386,53.406,53.637,53.883,54.145,54.422,54.714,55.021,55.343,55.68,..
Urban population (% of total population),SP.URB.TOTL.IN.ZS,"Bahamas, The",BHS,79.838,82.007,82.427,82.476,82.532,82.596,82.668,82.746,82.832,82.925,83.025,..
Urban population (% of total population),SP.URB.TOTL.IN.ZS,Bahrain,BHR,88.14,88.372,88.634,88.695,88.762,88.835,88.915,88.999,89.09,89.186,89.287,..
Urban population (% of total population),SP.URB.TOTL.IN.ZS,Bangladesh,BGD,19.811,23.59,30.462,31.225,31.993,32.762,33.535,34.308,35.083,35.858,36.632,..
Urban population (% of total population),SP.URB.TOTL.IN.ZS,Barbados,BRB,37.37,33.827,31.87,31.7,31.553,31.429,31.328,31.249,31.193,31.159,31.147,..
Urban population (% of total population),SP.URB.TOTL.IN.ZS,Belarus,BLR,65.981,69.973,74.672,75.188,75.697,76.199,76.693,77.181,77.661,78.134,78.595,..
Urban population (% of total population),SP.URB.TOTL.IN.ZS,Belgium,BEL,96.377,97.129,97.651,97.698,97.744,97.789,97.833,97.876,97.919,97.961,98.001,..
Urban population (% of total population),SP.URB.TOTL.IN.ZS,Belize,BLZ,47.465,45.398,45.228,45.228,45.246,45.282,45.335,45.406,45.495,45.601,45.724,..
Urban population (% of total population),SP.URB.TOTL.IN.ZS,Benin,BEN,34.485,38.333,43.093,43.608,44.125,44.642,45.166,45.695,46.229,46.768,47.312,..
Urban population (% of total population),SP.URB.TOTL.IN.ZS,Bermuda,BMU,100,100,100,100,100,100,100,100,100,100,100,..
Urban population (% of total population),SP.URB.TOTL.IN.ZS,Bhutan,BTN,16.388,25.418,34.793,35.585,36.371,37.149,37.918,38.678,39.428,40.167,40.895,..
Urban population (% of total population),SP.URB.TOTL.IN.ZS,Bolivia,BOL,55.577,61.787,66.43,66.874,67.315,67.699,68.047,68.393,68.738,69.08,69.425,..
Urban population (% of total population),SP.URB.TOTL.IN.ZS,Bosnia and Herzegovina,BIH,39.249,42.384,45.558,45.878,46.199,46.519,46.84,47.173,47.518,47.876,48.245,..
Urban population (% of total population),SP.URB.TOTL.IN.ZS,Botswana,BWA,41.933,53.219,62.412,63.865,64.768,65.572,66.368,67.155,67.933,68.7,69.446,..
Urban population (% of total population),SP.URB.TOTL.IN.ZS,Brazil,BRA,73.922,81.192,84.335,84.631,84.923,85.209,85.492,85.77,86.042,86.309,86.569,..
Urban population (% of total population),SP.URB.TOTL.IN.ZS,British Virgin Islands,VGB,37.814,41.774,44.814,45.154,45.502,45.856,46.216,46.583,46.957,47.337,47.723,..
Urban population (% of total population),SP.URB.TOTL.IN.ZS,Brunei Darussalam,BRN,66.438,71.164,74.961,75.31,75.656,75.997,76.332,76.663,76.99,77.312,77.629,..
Urban population (% of total population),SP.URB.TOTL.IN.ZS,Bulgaria,BGR,66.377,68.899,72.302,72.638,72.975,73.313,73.651,73.99,74.329,74.669,75.008,..
Urban population (% of total population),SP.URB.TOTL.IN.ZS,Burkina Faso,BFA,13.815,17.844,24.633,25.196,25.767,26.346,26.934,27.53,28.134,28.743,29.358,..
Urban population (% of total population),SP.URB.TOTL.IN.ZS,Burundi,BDI,6.271,8.246,10.642,10.915,11.194,11.482,11.776,12.078,12.388,12.706,13.032,..
Urban population (% of total population),SP.URB.TOTL.IN.ZS,Cabo Verde,CPV,44.12,53.435,61.821,62.322,62.821,63.317,63.81,64.3,64.784,65.261,65.732,..
Urban population (% of total population),SP.URB.TOTL.IN.ZS,Cambodia,KHM,15.546,18.586,20.294,20.663,21.037,21.415,21.799,22.188,22.582,22.98,23.388,..
Urban population (% of total population),SP.URB.TOTL.IN.ZS,Cameroon,CMR,39.657,45.542,51.559,52.164,52.769,53.373,53.976,54.578,55.179,55.777,56.374,..
Urban population (% of total population),SP.URB.TOTL.IN.ZS,Canada,CAN,76.582,79.478,80.937,81.096,81.137,81.178,81.218,81.259,81.3,81.35,81.411,..
Urban population (% of total population),SP.URB.TOTL.IN.ZS,Cayman Islands,CYM,100,100,100,100,100,100,100,100,100,100,100,..
Urban population (% of total population),SP.URB.TOTL.IN.ZS,Central African Republic,CAF,36.825,37.639,38.904,39.135,39.388,39.663,39.959,40.277,40.618,40.98,41.364,..
Urban population (% of total population),SP.URB.TOTL.IN.ZS,Chad,TCD,20.811,21.637,21.985,22.054,22.142,22.248,22.372,22.515,22.677,22.858,23.059,..
Urban population (% of total population),SP.URB.TOTL.IN.ZS,Channel Islands,CHI,31.392,30.465,31.054,31.091,31.059,31.027,30.995,30.962,30.93,30.914,30.914,..
Urban population (% of total population),SP.URB.TOTL.IN.ZS,Chile,CHL,83.271,86.073,87.074,87.132,87.189,87.246,87.303,87.36,87.422,87.49,87.564,..
Urban population (% of total population),SP.URB.TOTL.IN.ZS,China,CHN,26.442,35.877,49.226,50.511,51.765,53.013,54.259,55.5,56.736,57.96,59.152,..
Urban population (% of total population),SP.URB.TOTL.IN.ZS,Colombia,COL,69.481,73.957,77.964,78.335,78.701,79.061,79.415,79.764,80.108,80.446,80.778,..
Urban population (% of total population),SP.URB.TOTL.IN.ZS,Comoros,COM,27.869,28.08,27.973,28.04,28.123,28.223,28.338,28.47,28.619,28.784,28.965,..
Urban population (% of total population),SP.URB.TOTL.IN.ZS,"Congo, Dem. Rep.",COD,30.633,35.122,40.013,40.544,41.082,41.627,42.18,42.74,43.307,43.88,44.46,..
Urban population (% of total population),SP.URB.TOTL.IN.ZS,"Congo, Rep.",COG,54.324,58.695,63.256,63.712,64.169,64.627,65.085,65.543,66.001,66.459,66.916,..
Urban population (% of total population),SP.URB.TOTL.IN.ZS,Costa Rica,CRI,50.003,59.052,71.736,72.868,73.946,74.97,75.941,76.862,77.735,78.56,79.34,..
Urban population (% of total population),SP.URB.TOTL.IN.ZS,Cote d'Ivoire,CIV,39.345,43.155,47.33,47.751,48.172,48.593,49.014,49.444,49.881,50.326,50.779,..
Urban population (% of total population),SP.URB.TOTL.IN.ZS,Croatia,HRV,51.037,53.428,55.155,55.322,55.506,55.706,55.923,56.155,56.403,56.667,56.947,..
Urban population (% of total population),SP.URB.TOTL.IN.ZS,Cuba,CUB,73.364,75.323,76.597,76.689,76.781,76.827,76.861,76.896,76.93,76.977,77.037,..
Urban population (% of total population),SP.URB.TOTL.IN.ZS,Curacao,CUW,84.678,90.752,89.905,89.775,89.654,89.544,89.443,89.352,89.272,89.203,89.145,..
Urban population (% of total population),SP.URB.TOTL.IN.ZS,Cyprus,CYP,66.776,68.648,67.551,67.406,67.261,67.137,67.031,66.946,66.881,66.836,66.81,..
Urban population (% of total population),SP.URB.TOTL.IN.ZS,Czech Republic,CZE,75.22,73.988,73.255,73.185,73.197,73.29,73.384,73.477,73.57,73.675,73.792,..
Urban population (% of total population),SP.URB.TOTL.IN.ZS,Denmark,DNK,84.843,85.1,86.795,86.957,87.142,87.292,87.41,87.526,87.642,87.757,87.874,..
Urban population (% of total population),SP.URB.TOTL.IN.ZS,Djibouti,DJI,75.957,76.532,76.999,77.064,77.138,77.222,77.314,77.417,77.528,77.648,77.777,..
Urban population (% of total population),SP.URB.TOTL.IN.ZS,Dominica,DMA,63.079,65.265,68.094,68.389,68.685,68.982,69.28,69.579,69.88,70.181,70.483,..
Urban population (% of total population),SP.URB.TOTL.IN.ZS,Dominican Republic,DOM,55.226,61.753,73.753,74.827,75.802,76.749,77.67,78.566,79.436,80.277,81.074,..
Urban population (% of total population),SP.URB.TOTL.IN.ZS,Ecuador,ECU,55.09,60.299,62.69,62.851,62.988,63.125,63.261,63.398,63.534,63.67,63.821,..
Urban population (% of total population),SP.URB.TOTL.IN.ZS,"Egypt, Arab Rep.",EGY,43.478,42.797,43.019,43,42.946,42.893,42.839,42.785,42.732,42.705,42.704,..
Urban population (% of total population),SP.URB.TOTL.IN.ZS,El Salvador,SLV,49.274,58.912,65.452,66.325,67.187,68.036,68.874,69.7,70.501,71.275,72.023,..
Urban population (% of total population),SP.URB.TOTL.IN.ZS,Equatorial Guinea,GNQ,34.745,49.092,65.94,67.488,69,69.544,70.083,70.616,71.138,71.646,72.143,..
Urban population (% of total population),SP.URB.TOTL.IN.ZS,Eritrea,ERI,18.905,26.587,35.175,35.771,..,..,..,..,..,..,..,..
Urban population (% of total population),SP.URB.TOTL.IN.ZS,Estonia,EST,71.231,69.368,68.094,67.965,67.974,68.122,68.269,68.416,68.563,68.717,68.88,..
Urban population (% of total population),SP.URB.TOTL.IN.ZS,Eswatini,SWZ,20.202,22.686,22.48,22.7,22.849,22.999,23.149,23.3,23.459,23.625,23.799,..
Urban population (% of total population),SP.URB.TOTL.IN.ZS,Ethiopia,ETH,12.621,14.74,17.319,17.735,18.16,18.575,18.998,19.428,19.866,20.31,20.763,..
Urban population (% of total population),SP.URB.TOTL.IN.ZS,Faroe Islands,FRO,30.594,36.337,40.926,41.088,41.225,41.363,41.501,41.638,41.777,41.914,42.064,..
Urban population (% of total population),SP.URB.TOTL.IN.ZS,Fiji,FJI,41.611,47.908,52.171,52.683,53.196,53.706,54.216,54.726,55.235,55.742,56.248,..
Urban population (% of total population),SP.URB.TOTL.IN.ZS,Finland,FIN,79.367,82.183,83.77,84.313,84.841,85.125,85.175,85.225,85.275,85.325,85.382,..
Urban population (% of total population),SP.URB.TOTL.IN.ZS,France,FRA,74.056,75.871,78.369,78.622,78.878,79.135,79.394,79.655,79.917,80.18,80.444,..
Urban population (% of total population),SP.URB.TOTL.IN.ZS,French Polynesia,PYF,57.852,56.047,60.317,60.889,61.459,61.583,61.633,61.683,61.734,61.784,61.834,..
Urban population (% of total population),SP.URB.TOTL.IN.ZS,Gabon,GAB,69.143,78.879,85.533,86.092,86.634,87.156,87.651,88.118,88.559,88.976,89.37,..
Urban population (% of total population),SP.URB.TOTL.IN.ZS,"Gambia, The",GMB,38.312,47.868,55.662,56.384,57.105,57.82,58.528,59.228,59.918,60.599,61.27,..
Urban population (% of total population),SP.URB.TOTL.IN.ZS,Georgia,GEO,55.038,52.638,55.535,55.919,56.303,56.685,57.067,57.448,57.837,58.231,58.632,..
Urban population (% of total population),SP.URB.TOTL.IN.ZS,Germany,DEU,73.118,74.965,76.966,77.16,77.17,77.18,77.19,77.2,77.224,77.261,77.312,..
Urban population (% of total population),SP.URB.TOTL.IN.ZS,Ghana,GHA,36.441,43.929,50.713,51.394,52.073,52.748,53.419,54.086,54.749,55.407,56.06,..
Urban population (% of total population),SP.URB.TOTL.IN.ZS,Gibraltar,GIB,100,100,100,100,100,100,100,100,100,100,100,..
Urban population (% of total population),SP.URB.TOTL.IN.ZS,Greece,GRC,71.467,72.716,76.292,76.649,77.004,77.355,77.702,78.046,78.387,78.724,79.058,..
Urban population (% of total population),SP.URB.TOTL.IN.ZS,Greenland,GRL,79.698,81.6,84.383,84.755,85.2,85.551,85.813,86.071,86.326,86.574,86.816,..
Urban population (% of total population),SP.URB.TOTL.IN.ZS,Grenada,GRD,33.427,35.698,35.865,35.859,35.869,35.896,35.938,35.997,36.072,36.164,36.272,..
Urban population (% of total population),SP.URB.TOTL.IN.ZS,Guam,GUM,90.796,93.129,94.099,94.188,94.277,94.364,94.449,94.534,94.617,94.699,94.78,..
Urban population (% of total population),SP.URB.TOTL.IN.ZS,Guatemala,GTM,41.992,45.332,48.403,48.701,49,49.311,49.634,49.971,50.319,50.68,51.054,..
Urban population (% of total population),SP.URB.TOTL.IN.ZS,Guinea,GIN,28.026,30.869,33.678,33.966,34.255,34.545,34.836,35.141,35.46,35.793,36.14,..
Urban population (% of total population),SP.URB.TOTL.IN.ZS,Guinea-Bissau,GNB,30.83,36.243,40.111,40.508,40.908,41.31,41.715,42.123,42.533,42.945,43.36,..
Urban population (% of total population),SP.URB.TOTL.IN.ZS,Guyana,GUY,29.583,28.694,26.634,26.4,26.4,26.4,26.414,26.441,26.482,26.538,26.606,..
Urban population (% of total population),SP.URB.TOTL.IN.ZS,Haiti,HTI,28.51,35.6,47.509,48.492,49.477,50.46,51.444,52.427,53.396,54.346,55.278,..
Urban population (% of total population),SP.URB.TOTL.IN.ZS,Honduras,HND,40.46,45.458,51.885,52.543,53.202,53.858,54.514,55.165,55.813,56.457,57.096,..
Urban population (% of total population),SP.URB.TOTL.IN.ZS,"Hong Kong SAR, China",HKG,99.517,100,100,100,100,100,100,100,100,100,100,..
Urban population (% of total population),SP.URB.TOTL.IN.ZS,Hungary,HUN,65.838,64.575,68.911,69.358,69.678,69.953,70.227,70.5,70.779,71.062,71.351,..
Urban population (% of total population),SP.URB.TOTL.IN.ZS,Iceland,ISL,90.75,92.401,93.574,93.587,93.6,93.633,93.667,93.7,93.735,93.773,93.813,..
Urban population (% of total population),SP.URB.TOTL.IN.ZS,India,IND,25.547,27.667,30.93,31.276,31.634,32.003,32.384,32.777,33.182,33.6,34.03,..
Urban population (% of total population),SP.URB.TOTL.IN.ZS,Indonesia,IDN,30.584,42.002,49.914,50.595,51.276,51.955,52.635,53.313,53.989,54.659,55.325,..
Urban population (% of total population),SP.URB.TOTL.IN.ZS,"Iran, Islamic Rep.",IRN,56.33,64.042,70.626,71.2,71.755,72.295,72.83,73.358,73.88,74.394,74.898,..
Urban population (% of total population),SP.URB.TOTL.IN.ZS,Iraq,IRQ,69.706,68.496,69.103,69.268,69.432,69.595,69.758,69.921,70.094,70.278,70.473,..
Urban population (% of total population),SP.URB.TOTL.IN.ZS,Ireland,IRL,56.929,59.155,61.542,61.742,61.942,62.141,62.34,62.538,62.737,62.947,63.17,..
Urban population (% of total population),SP.URB.TOTL.IN.ZS,Isle of Man,IMN,51.746,51.823,51.994,52.012,52.046,52.096,52.162,52.245,52.343,52.458,52.588,..
Urban population (% of total population),SP.URB.TOTL.IN.ZS,Israel,ISR,90.359,91.203,91.826,91.892,91.96,92.031,92.104,92.179,92.256,92.336,92.418,..
Urban population (% of total population),SP.URB.TOTL.IN.ZS,Italy,ITA,66.726,67.222,68.327,68.444,68.684,68.979,69.272,69.565,69.855,70.144,70.438,..
Urban population (% of total population),SP.URB.TOTL.IN.ZS,Jamaica,JAM,49.444,51.814,53.743,53.93,54.132,54.35,54.584,54.833,55.098,55.378,55.674,..
Urban population (% of total population),SP.URB.TOTL.IN.ZS,Japan,JPN,77.339,78.649,90.812,91.069,91.148,91.226,91.304,91.381,91.457,91.535,91.616,..
Urban population (% of total population),SP.URB.TOTL.IN.ZS,Jordan,JOR,73.291,78.27,86.088,87.172,88.185,89.125,90,90.256,90.506,90.747,90.979,..
Urban population (% of total population),SP.URB.TOTL.IN.ZS,Kazakhstan,KAZ,56.266,56.098,56.827,56.9,56.973,57.046,57.118,57.191,57.264,57.336,57.428,..
Urban population (% of total population),SP.URB.TOTL.IN.ZS,Kenya,KEN,16.748,19.892,23.571,23.969,24.376,24.794,25.221,25.658,26.105,26.562,27.03,..
Urban population (% of total population),SP.URB.TOTL.IN.ZS,Kiribati,KIR,34.987,42.958,47.39,48.235,49.082,49.927,50.773,51.619,52.45,53.262,54.057,..
Urban population (% of total population),SP.URB.TOTL.IN.ZS,"Korea, Dem. People’s Rep.",PRK,58.384,59.412,60.377,60.557,60.738,60.918,61.098,61.277,61.471,61.678,61.899,..
Urban population (% of total population),SP.URB.TOTL.IN.ZS,"Korea, Rep.",KOR,73.844,79.621,81.936,81.923,81.851,81.779,81.707,81.634,81.562,81.503,81.459,..
Urban population (% of total population),SP.URB.TOTL.IN.ZS,Kosovo,XKX,..,..,..,..,..,..,..,..,..,..,..,..
Urban population (% of total population),SP.URB.TOTL.IN.ZS,Kuwait,KWT,97.974,99,100,100,100,100,100,100,100,100,100,..
Urban population (% of total population),SP.URB.TOTL.IN.ZS,Kyrgyz Republic,KGZ,37.777,35.298,35.306,35.352,35.423,35.517,35.635,35.777,35.944,36.135,36.351,..
Urban population (% of total population),SP.URB.TOTL.IN.ZS,Lao PDR,LAO,15.437,21.977,30.064,30.66,31.264,31.872,32.487,33.108,33.736,34.368,35.004,..
Urban population (% of total population),SP.URB.TOTL.IN.ZS,Latvia,LVA,69.25,68.067,67.841,67.869,67.897,67.925,67.952,67.98,68.021,68.075,68.142,..
Urban population (% of total population),SP.URB.TOTL.IN.ZS,Lebanon,LBN,83.12,86,87.334,87.484,87.636,87.79,87.947,88.106,88.266,88.429,88.593,..
Urban population (% of total population),SP.URB.TOTL.IN.ZS,Lesotho,LSO,13.967,19.548,24.798,25.31,25.704,26.101,26.502,26.908,27.317,27.73,28.153,..
Urban population (% of total population),SP.URB.TOTL.IN.ZS,Liberia,LBR,55.422,44.331,47.813,48.193,48.583,48.985,49.397,49.82,50.254,50.697,51.151,..
Urban population (% of total population),SP.URB.TOTL.IN.ZS,Libya,LBY,75.723,76.387,78.052,78.277,78.512,78.756,79.009,79.27,79.54,79.817,80.102,..
Urban population (% of total population),SP.URB.TOTL.IN.ZS,Liechtenstein,LIE,16.928,15.13,14.464,14.41,14.367,14.334,14.313,14.303,14.303,14.315,14.338,..
Urban population (% of total population),SP.URB.TOTL.IN.ZS,Lithuania,LTU,67.583,66.986,66.757,66.741,66.864,66.986,67.108,67.23,67.366,67.516,67.679,..
Urban population (% of total population),SP.URB.TOTL.IN.ZS,Luxembourg,LUX,80.947,84.216,88.547,88.906,89.249,89.574,89.884,90.179,90.46,90.727,90.981,..
Urban population (% of total population),SP.URB.TOTL.IN.ZS,"Macao SAR, China",MAC,99.763,100,100,100,100,100,100,100,100,100,100,..
Urban population (% of total population),SP.URB.TOTL.IN.ZS,Madagascar,MDG,23.566,27.121,31.938,32.58,33.227,33.878,34.534,35.193,35.856,36.522,37.191,..
Urban population (% of total population),SP.URB.TOTL.IN.ZS,Malawi,MWI,11.56,14.61,15.544,15.672,15.812,15.966,16.132,16.313,16.506,16.714,16.937,..
Urban population (% of total population),SP.URB.TOTL.IN.ZS,Malaysia,MYS,49.794,61.977,70.912,71.609,72.275,72.93,73.577,74.213,74.84,75.447,76.036,..
Urban population (% of total population),SP.URB.TOTL.IN.ZS,Maldives,MDV,25.84,27.706,36.434,36.849,37.267,37.685,38.106,38.529,38.954,39.38,39.808,..
Urban population (% of total population),SP.URB.TOTL.IN.ZS,Mali,MLI,23.322,28.356,35.999,36.799,37.599,38.398,39.196,39.991,40.783,41.572,42.356,..
Urban population (% of total population),SP.URB.TOTL.IN.ZS,Malta,MLT,90.381,92.368,94.072,94.141,94.211,94.279,94.347,94.414,94.48,94.546,94.612,..
Urban population (% of total population),SP.URB.TOTL.IN.ZS,Marshall Islands,MHL,65.054,68.58,73.568,74.038,74.498,74.946,75.384,75.811,76.228,76.634,77.031,..
Urban population (% of total population),SP.URB.TOTL.IN.ZS,Mauritania,MRT,39.323,38.091,46.588,47.493,48.4,49.306,50.203,51.089,51.962,52.824,53.672,..
Urban population (% of total population),SP.URB.TOTL.IN.ZS,Mauritius,MUS,43.9,42.67,41.555,41.444,41.332,41.222,41.111,41,40.91,40.841,40.793,..
Urban population (% of total population),SP.URB.TOTL.IN.ZS,Mexico,MEX,71.419,74.722,77.815,78.111,78.405,78.699,78.993,79.285,79.577,79.867,80.156,..
Urban population (% of total population),SP.URB.TOTL.IN.ZS,"Micronesia, Fed. Sts.",FSM,25.818,22.33,22.298,22.305,22.324,22.355,22.399,22.456,22.526,22.608,22.703,..
Urban population (% of total population),SP.URB.TOTL.IN.ZS,Moldova,MDA,46.762,44.589,42.62,42.589,42.558,42.527,42.496,42.49,42.511,42.557,42.629,..
Urban population (% of total population),SP.URB.TOTL.IN.ZS,Monaco,MCO,100,100,100,100,100,100,100,100,100,100,100,..
Urban population (% of total population),SP.URB.TOTL.IN.ZS,Mongolia,MNG,57.033,57.133,67.567,67.963,68.03,68.097,68.163,68.23,68.297,68.363,68.445,..
Urban population (% of total population),SP.URB.TOTL.IN.ZS,Montenegro,MNE,48.037,58.544,64.14,64.472,64.804,65.137,65.471,65.806,66.141,66.477,66.813,..
Urban population (% of total population),SP.URB.TOTL.IN.ZS,Morocco,MAR,48.391,53.335,58.018,58.581,59.142,59.7,60.256,60.809,61.36,61.908,62.453,..
Urban population (% of total population),SP.URB.TOTL.IN.ZS,Mozambique,MOZ,25,29.098,31.83,32.336,32.846,33.36,33.878,34.4,34.926,35.455,35.988,..
Urban population (% of total population),SP.URB.TOTL.IN.ZS,Myanmar,MMR,25.243,27.025,28.885,29.075,29.266,29.457,29.65,29.858,30.082,30.322,30.579,..
Urban population (% of total population),SP.URB.TOTL.IN.ZS,Namibia,NAM,27.656,32.373,41.616,42.637,43.693,44.756,45.826,46.9,47.961,49.005,50.032,..
Urban population (% of total population),SP.URB.TOTL.IN.ZS,Nauru,NRU,100,100,100,100,100,100,100,100,100,100,100,..
Urban population (% of total population),SP.URB.TOTL.IN.ZS,Nepal,NPL,8.854,13.397,16.768,17.108,17.458,17.815,18.182,18.557,18.942,19.336,19.74,..
Urban population (% of total population),SP.URB.TOTL.IN.ZS,Netherlands,NLD,68.684,76.795,87.134,87.879,88.588,89.187,89.69,90.173,90.635,91.077,91.49,..
Urban population (% of total population),SP.URB.TOTL.IN.ZS,New Caledonia,NCL,59.577,61.919,67.102,67.565,68.024,68.479,68.931,69.379,69.821,70.256,70.683,..
Urban population (% of total population),SP.URB.TOTL.IN.ZS,New Zealand,NZL,84.742,86.021,86.16,86.1,86.161,86.221,86.281,86.341,86.4,86.466,86.538,..
Urban population (% of total population),SP.URB.TOTL.IN.ZS,Nicaragua,NIC,53.075,55.185,56.917,57.113,57.309,57.505,57.7,57.895,58.09,58.299,58.522,..
Urban population (% of total population),SP.URB.TOTL.IN.ZS,Niger,NER,15.368,16.186,16.221,16.216,16.212,16.208,16.219,16.247,16.29,16.35,16.425,..
Urban population (% of total population),SP.URB.TOTL.IN.ZS,Nigeria,NGA,29.68,34.84,43.48,44.366,45.246,46.118,46.982,47.838,48.683,49.519,50.344,..
Urban population (% of total population),SP.URB.TOTL.IN.ZS,North Macedonia,MKD,57.789,58.548,57.089,57.092,57.125,57.189,57.284,57.408,57.563,57.748,57.963,..
Urban population (% of total population),SP.URB.TOTL.IN.ZS,Northern Mariana Islands,MNP,89.731,90.152,90.949,91.028,91.108,91.19,91.273,91.357,91.443,91.53,91.618,..
Urban population (% of total population),SP.URB.TOTL.IN.ZS,Norway,NOR,71.956,76.02,79.102,79.455,79.874,80.286,80.692,81.091,81.485,81.871,82.248,..
Urban population (% of total population),SP.URB.TOTL.IN.ZS,Oman,OMN,66.102,71.569,75.161,76.183,77.564,78.882,80.145,81.35,82.5,83.56,84.539,..
Urban population (% of total population),SP.URB.TOTL.IN.ZS,Pakistan,PAK,30.576,32.982,34.997,35.202,35.408,35.613,35.819,36.026,36.234,36.442,36.666,..
Urban population (% of total population),SP.URB.TOTL.IN.ZS,Palau,PLW,69.593,70.338,74.817,75.511,76.194,76.862,77.517,78.159,78.775,79.365,79.93,..
Urban population (% of total population),SP.URB.TOTL.IN.ZS,Panama,PAN,53.903,62.198,65.14,65.437,65.741,66.052,66.371,66.696,67.027,67.365,67.709,..
Urban population (% of total population),SP.URB.TOTL.IN.ZS,Papua New Guinea,PNG,14.994,13.204,13.019,13,12.982,12.978,12.988,13.012,13.05,13.102,13.169,..
Urban population (% of total population),SP.URB.TOTL.IN.ZS,Paraguay,PRY,48.694,55.331,59.261,59.584,59.907,60.197,60.474,60.75,61.026,61.3,61.585,..
Urban population (% of total population),SP.URB.TOTL.IN.ZS,Peru,PER,68.901,73.042,76.43,76.617,76.804,76.989,77.173,77.357,77.539,77.72,77.907,..
Urban population (% of total population),SP.URB.TOTL.IN.ZS,Philippines,PHL,46.986,46.135,45.332,45.522,45.712,45.903,46.093,46.284,46.475,46.682,46.907,..
Urban population (% of total population),SP.URB.TOTL.IN.ZS,Poland,POL,61.27,61.716,60.892,60.78,60.654,60.529,60.403,60.278,60.178,60.105,60.058,..
Urban population (% of total population),SP.URB.TOTL.IN.ZS,Portugal,PRT,47.915,54.399,60.567,61.167,61.763,62.352,62.936,63.514,64.086,64.652,65.211,..
Urban population (% of total population),SP.URB.TOTL.IN.ZS,Puerto Rico,PRI,92.942,94.387,93.825,93.773,93.726,93.686,93.651,93.624,93.602,93.587,93.578,..
Urban population (% of total population),SP.URB.TOTL.IN.ZS,Qatar,QAT,92.786,96.311,98.501,98.602,98.697,98.785,98.868,98.945,99.015,99.078,99.135,..
Urban population (% of total population),SP.URB.TOTL.IN.ZS,Romania,ROU,53.217,53.004,53.829,53.96,53.974,53.937,53.9,53.887,53.9,53.936,53.998,..
Urban population (% of total population),SP.URB.TOTL.IN.ZS,Russian Federation,RUS,73.394,73.35,73.687,73.732,73.791,73.863,73.95,74.05,74.164,74.292,74.433,..
Urban population (% of total population),SP.URB.TOTL.IN.ZS,Rwanda,RWA,5.416,14.926,16.934,16.938,16.943,16.947,16.967,17.004,17.056,17.125,17.211,..
Urban population (% of total population),SP.URB.TOTL.IN.ZS,Samoa,WSM,21.2,21.977,20.078,19.857,19.624,19.385,19.149,18.914,18.681,18.452,18.243,..
Urban population (% of total population),SP.URB.TOTL.IN.ZS,San Marino,SMR,90.4,93.44,95.74,95.961,96.171,96.37,96.559,96.739,96.91,97.072,97.226,..
Urban population (% of total population),SP.URB.TOTL.IN.ZS,Sao Tome and Principe,STP,43.648,53.424,64.952,66.064,67.16,68.208,69.213,70.174,71.092,71.968,72.803,..
Urban population (% of total population),SP.URB.TOTL.IN.ZS,Saudi Arabia,SAU,76.583,79.848,82.084,82.302,82.52,82.74,82.96,83.18,83.401,83.622,83.844,..
Urban population (% of total population),SP.URB.TOTL.IN.ZS,Senegal,SEN,38.896,40.32,43.773,44.188,44.603,45.019,45.436,45.862,46.296,46.74,47.192,..
Urban population (% of total population),SP.URB.TOTL.IN.ZS,Serbia,SRB,50.393,52.769,54.993,55.215,55.356,55.469,55.583,55.696,55.81,55.942,56.092,..
Urban population (% of total population),SP.URB.TOTL.IN.ZS,Seychelles,SYC,49.27,50.433,53.336,53.72,54.12,54.537,54.969,55.4,55.831,56.261,56.691,..
Urban population (% of total population),SP.URB.TOTL.IN.ZS,Sierra Leone,SLE,33.252,35.626,38.856,39.248,39.642,40.036,40.432,40.829,41.228,41.636,42.055,..
Urban population (% of total population),SP.URB.TOTL.IN.ZS,Singapore,SGP,100,100,100,100,100,100,100,100,100,100,100,..
Urban population (% of total population),SP.URB.TOTL.IN.ZS,Sint Maarten (Dutch part),SXM,100,100,100,100,100,100,100,100,100,100,100,..
Urban population (% of total population),SP.URB.TOTL.IN.ZS,Slovak Republic,SVK,56.491,56.233,54.685,54.42,54.28,54.14,54,53.889,53.806,53.751,53.726,..
Urban population (% of total population),SP.URB.TOTL.IN.ZS,Slovenia,SVN,50.39,50.754,52.658,52.883,53.108,53.332,53.557,53.781,54.02,54.273,54.541,..
Urban population (% of total population),SP.URB.TOTL.IN.ZS,Solomon Islands,SLB,13.677,15.813,20.048,20.508,20.97,21.433,21.896,22.36,22.823,23.286,23.749,..
Urban population (% of total population),SP.URB.TOTL.IN.ZS,Somalia,SOM,29.658,33.247,39.31,41,41.558,42.117,42.679,43.245,43.816,44.391,44.971,..
Urban population (% of total population),SP.URB.TOTL.IN.ZS,South Africa,ZAF,52.037,56.891,62.218,62.746,63.272,63.793,64.312,64.828,65.341,65.85,66.355,..
Urban population (% of total population),SP.URB.TOTL.IN.ZS,South Sudan,SSD,13.276,16.504,17.86,18.032,18.217,18.415,18.626,18.852,19.092,19.346,19.615,..
Urban population (% of total population),SP.URB.TOTL.IN.ZS,Spain,ESP,75.351,76.262,78.442,78.673,78.902,79.133,79.366,79.602,79.84,80.08,80.321,..
Urban population (% of total population),SP.URB.TOTL.IN.ZS,Sri Lanka,LKA,18.535,18.38,18.226,18.211,18.196,18.198,18.218,18.256,18.311,18.384,18.476,..
Urban population (% of total population),SP.URB.TOTL.IN.ZS,St. Kitts and Nevis,KNA,34.609,32.778,31.322,31.182,31.062,30.964,30.885,30.827,30.79,30.773,30.776,..
Urban population (% of total population),SP.URB.TOTL.IN.ZS,St. Lucia,LCA,29.349,27.774,18.45,18.45,18.45,18.461,18.482,18.515,18.558,18.612,18.678,..
Urban population (% of total population),SP.URB.TOTL.IN.ZS,St. Martin (French part),MAF,..,..,..,..,..,..,..,..,..,..,..,..
Urban population (% of total population),SP.URB.TOTL.IN.ZS,St. Vincent and the Grenadines,VCT,41.409,45.186,48.961,49.356,49.754,50.154,50.558,50.964,51.373,51.784,52.198,..
Urban population (% of total population),SP.URB.TOTL.IN.ZS,Sudan,SDN,28.61,32.495,33.089,33.207,33.346,33.507,33.689,33.894,34.121,34.37,34.642,..
Urban population (% of total population),SP.URB.TOTL.IN.ZS,Suriname,SUR,65.706,66.444,66.344,66.276,66.208,66.14,66.089,66.056,66.04,66.041,66.06,..
Urban population (% of total population),SP.URB.TOTL.IN.ZS,Sweden,SWE,83.1,84.026,85.056,85.297,85.62,85.936,86.247,86.553,86.852,87.146,87.431,..
Urban population (% of total population),SP.URB.TOTL.IN.ZS,Switzerland,CHE,73.926,73.383,73.607,73.631,73.653,73.674,73.696,73.718,73.739,73.761,73.797,..
Urban population (% of total population),SP.URB.TOTL.IN.ZS,Syrian Arab Republic,SYR,48.931,51.947,55.6,54.58,53.555,52.529,51.5,52.168,52.835,53.5,54.162,..
Urban population (% of total population),SP.URB.TOTL.IN.ZS,Tajikistan,TJK,31.658,26.501,26.52,26.521,26.545,26.589,26.655,26.742,26.851,26.982,27.134,..
Urban population (% of total population),SP.URB.TOTL.IN.ZS,Tanzania,TZA,18.884,22.309,28.114,28.798,29.493,30.196,30.904,31.617,32.333,33.053,33.776,..
Urban population (% of total population),SP.URB.TOTL.IN.ZS,Thailand,THA,29.424,31.386,43.856,44.698,45.445,46.193,46.943,47.694,48.448,49.2,49.949,..
Urban population (% of total population),SP.URB.TOTL.IN.ZS,Timor-Leste,TLS,20.842,24.263,27.732,28.079,28.428,28.779,29.133,29.49,29.85,30.212,30.578,..
Urban population (% of total population),SP.URB.TOTL.IN.ZS,Togo,TGO,28.589,32.907,37.533,38.032,38.546,39.061,39.579,40.1,40.628,41.162,41.702,..
Urban population (% of total population),SP.URB.TOTL.IN.ZS,Tonga,TON,22.704,23.012,23.389,23.443,23.435,23.382,23.328,23.275,23.222,23.169,23.131,..
Urban population (% of total population),SP.URB.TOTL.IN.ZS,Trinidad and Tobago,TTO,54.124,55.905,54.025,53.836,53.671,53.53,53.413,53.319,53.25,53.205,53.184,..
Urban population (% of total population),SP.URB.TOTL.IN.ZS,Tunisia,TUN,57.946,63.432,66.657,66.938,67.218,67.495,67.772,68.056,68.346,68.642,68.945,..
Urban population (% of total population),SP.URB.TOTL.IN.ZS,Turkey,TUR,59.203,64.741,70.825,71.402,71.974,72.531,73.077,73.611,74.134,74.644,75.143,..
Urban population (% of total population),SP.URB.TOTL.IN.ZS,Turkmenistan,TKM,45.075,45.913,48.491,48.825,49.175,49.541,49.921,50.317,50.728,51.153,51.593,..
Urban population (% of total population),SP.URB.TOTL.IN.ZS,Turks and Caicos Islands,TCA,74.343,84.55,90.228,90.668,91.09,91.483,91.851,92.195,92.517,92.817,93.098,..
Urban population (% of total population),SP.URB.TOTL.IN.ZS,Tuvalu,TUV,40.661,46.018,54.796,55.807,56.815,57.814,58.786,59.73,60.645,61.53,62.387,..
Urban population (% of total population),SP.URB.TOTL.IN.ZS,Uganda,UGA,11.076,14.786,19.383,19.898,20.424,20.958,21.504,22.06,22.624,23.196,23.774,..
Urban population (% of total population),SP.URB.TOTL.IN.ZS,Ukraine,UKR,66.757,67.145,68.596,68.689,68.782,68.875,68.968,69.061,69.154,69.246,69.352,..
Urban population (% of total population),SP.URB.TOTL.IN.ZS,United Arab Emirates,ARE,79.051,80.236,84.087,84.423,84.749,85.066,85.375,85.674,85.965,86.248,86.522,..
Urban population (% of total population),SP.URB.TOTL.IN.ZS,United Kingdom,GBR,78.14,78.651,81.302,81.57,81.837,82.102,82.365,82.626,82.886,83.143,83.398,..
Urban population (% of total population),SP.URB.TOTL.IN.ZS,United States,USA,75.3,79.057,80.772,80.944,81.119,81.299,81.483,81.671,81.862,82.058,82.256,..
Urban population (% of total population),SP.URB.TOTL.IN.ZS,Uruguay,URY,88.973,92.028,94.414,94.612,94.739,94.843,94.945,95.045,95.144,95.24,95.334,..
Urban population (% of total population),SP.URB.TOTL.IN.ZS,Uzbekistan,UZB,41.365,46.126,50.956,51.15,51.05,50.95,50.85,50.75,50.65,50.55,50.478,..
Urban population (% of total population),SP.URB.TOTL.IN.ZS,Vanuatu,VUT,18.715,21.673,24.462,24.561,24.661,24.761,24.861,24.961,25.062,25.163,25.274,..
Urban population (% of total population),SP.URB.TOTL.IN.ZS,"Venezuela, RB",VEN,84.284,87.559,88.083,88.108,88.123,88.133,88.144,88.154,88.165,88.183,88.208,..
Urban population (% of total population),SP.URB.TOTL.IN.ZS,Vietnam,VNM,20.257,24.374,30.417,31.08,31.752,32.429,33.115,33.809,34.51,35.213,35.919,..
Urban population (% of total population),SP.URB.TOTL.IN.ZS,Virgin Islands (U.S.),VIR,87.685,92.586,94.594,94.761,94.919,95.07,95.213,95.35,95.48,95.603,95.721,..
Urban population (% of total population),SP.URB.TOTL.IN.ZS,West Bank and Gaza,PSE,67.709,71.969,74.149,74.381,74.619,74.863,75.113,75.368,75.628,75.894,76.164,..
Urban population (% of total population),SP.URB.TOTL.IN.ZS,"Yemen, Rep.",YEM,20.931,26.267,31.776,32.364,32.958,33.559,34.165,34.777,35.394,36.016,36.642,..
Urban population (% of total population),SP.URB.TOTL.IN.ZS,Zambia,ZMB,39.407,34.802,39.355,39.851,40.354,40.865,41.382,41.907,42.438,42.976,43.521,..
Urban population (% of total population),SP.URB.TOTL.IN.ZS,Zimbabwe,ZWE,28.988,33.758,33.196,33.015,32.834,32.654,32.504,32.385,32.296,32.237,32.209,..
Urban population (% of total population),SP.URB.TOTL.IN.ZS,Arab World,ARB,50.3952484902126,52.9893021963685,56.4408791933362,56.7919478898403,57.0985374409452,57.4009387122083,57.6924802355379,58.0314666759024,58.3452752760698,58.6414834927347,58.9254185931391,..
Urban population (% of total population),SP.URB.TOTL.IN.ZS,Caribbean small states,CSS,48.7971746079503,50.2480679137205,50.4340574675408,50.456239675626,50.5180252982433,50.5913146585053,50.6801361784138,50.7846840272758,50.9063925920291,51.0446216815061,51.1993615776132,..
Urban population (% of total population),SP.URB.TOTL.IN.ZS,Central Europe and the Baltics,CEB,61.3918489105076,61.4761873574983,62.0260650244198,62.0639344852314,62.0817769738868,62.0968137366794,62.1136451427738,62.1406832491248,62.1844790946334,62.2485537613647,62.3320760627627,..
Urban population (% of total population),SP.URB.TOTL.IN.ZS,Early-demographic dividend,EAR,34.939119909998,38.3342453056608,41.9998806600881,42.3785708834652,42.7590233392676,43.1435909274362,43.5319846032163,43.9299787727318,44.3277678165673,44.7270353172155,45.1312566986719,..
Urban population (% of total population),SP.URB.TOTL.IN.ZS,East Asia & Pacific,EAS,33.9576141185588,41.4207562572884,51.945337432181,52.8768815884615,53.7740094965433,54.6636501438447,55.5523754469137,56.4384209579409,57.3214591494905,58.1965638817572,59.0527886714373,..
Urban population (% of total population),SP.URB.TOTL.IN.ZS,East Asia & Pacific (excluding high income),EAP,28.103169543017,36.5644769422517,47.6203825388378,48.661738238371,49.6752439318617,50.681910529234,51.6858376202661,52.6853247515958,53.6815997421951,54.6695348784554,55.6335882382637,..
Urban population (% of total population),SP.URB.TOTL.IN.ZS,East Asia & Pacific (IDA & IBRD countries),TEA,27.7142624998707,36.2710641712784,47.4581711710385,48.5107739597268,49.5351130988039,50.5524919038507,51.5670600273284,52.5771022562816,53.5836815868044,54.581614905368,55.5550920185359,..
Urban population (% of total population),SP.URB.TOTL.IN.ZS,Euro area,EMU,71.2200201807131,72.9421663791117,75.2816981830028,75.509022879626,75.7236934634696,75.9291216578059,76.1281387053755,76.3397020364095,76.5543043808563,76.7699188658867,76.9917327106284,..
Urban population (% of total population),SP.URB.TOTL.IN.ZS,Europe & Central Asia,ECS,67.590511641657,68.7214382467052,70.7487588168112,70.9245512049277,71.0991515759323,71.2712652158374,71.4432171619628,71.6219247199629,71.8055944841346,71.9910658774292,72.1835105010589,..
Urban population (% of total population),SP.URB.TOTL.IN.ZS,Europe & Central Asia (excluding high income),ECA,63.028384169192,63.8626339823967,65.6360804143785,65.7988996726298,65.9534615690012,66.1080182314676,66.2655378880993,66.4280326081937,66.5962263281727,66.76903432485,66.9473805143823,..
Urban population (% of total population),SP.URB.TOTL.IN.ZS,Europe & Central Asia (IDA & IBRD countries),TEC,62.7369090667724,63.5655097584427,65.1228198987909,65.2647020408161,65.3984723826267,65.5332401642433,65.6712050518983,65.8145985008816,65.9652866045441,66.1226639546601,66.2868323125935,..
Urban population (% of total population),SP.URB.TOTL.IN.ZS,European Union,EUU,70.4200113216172,71.7696504227865,74.0090595540191,74.2226044292291,74.4263589678927,74.623311244212,74.8173163186038,75.0226115695433,75.2333074494743,75.4464923946121,75.6656484657532,..
Urban population (% of total population),SP.URB.TOTL.IN.ZS,Fragile and conflict affected situations,FCS,32.6545648161174,35.7513225667135,38.727805238027,39.0293262929825,39.314900010143,39.6156146575728,39.928859702796,40.316575353037,40.7065960605919,41.1012272497328,41.5068290622002,..
Urban population (% of total population),SP.URB.TOTL.IN.ZS,Heavily indebted poor countries (HIPC),HPC,25.4118900271845,28.7255217571738,32.470697615945,32.9153280280704,33.3419289066773,33.7688407539185,34.201294634656,34.641468801197,35.0890803997938,35.5443922880076,36.0084652627508,..
Urban population (% of total population),SP.URB.TOTL.IN.ZS,High income,HIC,74.2603306442061,76.6729639997514,79.9155955032324,80.121242530739,80.2943860258341,80.4625126196037,80.6297511961333,80.8022128299287,80.9765986304945,81.1544519764178,81.3349783647456,..
Urban population (% of total population),SP.URB.TOTL.IN.ZS,IBRD only,IBD,38.387039358204,43.5469512956056,50.027162795415,50.6596359795293,51.2855477366696,51.9109918077332,52.5368678326598,53.1603647855854,53.7823647380138,54.4019831161658,55.0124279996674,..
Urban population (% of total population),SP.URB.TOTL.IN.ZS,IDA & IBRD total,IBT,35.926057579521,40.4522209174995,46.0944897411156,46.6442741438672,47.1845596565483,47.724081013109,48.2641268035898,48.8075193598832,49.3495993246101,49.8896193723405,50.4222017748257,..
Urban population (% of total population),SP.URB.TOTL.IN.ZS,IDA blend,IDB,30.6075202490994,34.1232912719184,38.7413656174561,39.2125917391633,39.6567631239856,40.1029026351629,40.5525046027657,41.0052881488064,41.4597013002718,41.9155207848192,42.3804250236419,..
Urban population (% of total population),SP.URB.TOTL.IN.ZS,IDA only,IDX,23.2270547634708,26.484115841792,30.6787495364308,31.1106266936242,31.5277152631994,31.9467500906982,32.3754635055031,32.8469868705746,33.3274338420681,33.8165006946649,34.3159699173835,..
Urban population (% of total population),SP.URB.TOTL.IN.ZS,IDA total,IDA,25.7334765843223,29.0684389075126,33.3999186507852,33.8486283045195,34.2773241440978,34.7080606561449,35.1461678232291,35.6131168201913,36.0858796908057,36.5641806829238,37.0518650600215,..
Urban population (% of total population),SP.URB.TOTL.IN.ZS,Late-demographic dividend,LTE,38.7604966408223,45.6030444289601,55.3033034216565,56.2335557479902,57.1401554975382,58.0378123285694,58.9320780826094,59.8225736921212,60.7087954239268,61.5864821123801,62.4450990246255,..
Urban population (% of total population),SP.URB.TOTL.IN.ZS,Latin America & Caribbean,LCN,70.6725041415995,75.4746965043115,78.5267610666317,78.8036068756718,79.0751681437199,79.3403066340881,79.6000765092068,79.8540130312268,80.1015736199983,80.3440502150362,80.5832909863671,..
Urban population (% of total population),SP.URB.TOTL.IN.ZS,Latin America & Caribbean (excluding high income),LAC,70.1118422912535,75.0434234641867,78.2456963486687,78.5370601129727,78.8228946890549,79.1015244650238,79.3743199188564,79.6403526503862,79.8989036388271,80.1516775255291,80.4016255969999,..
Urban population (% of total population),SP.URB.TOTL.IN.ZS,Latin America & the Caribbean (IDA & IBRD countries),TLA,70.4296427164847,75.3487628736066,78.4837233244933,78.7684867225811,79.0475555723507,79.3205577177259,79.5884431960378,79.8500986595352,80.1050614453924,80.3546371985818,80.6014123164288,..
Urban population (% of total population),SP.URB.TOTL.IN.ZS,Least developed countries: UN classification,LDC,21.5091040673711,25.0240866391974,29.4653155431652,29.9767766102573,30.4776716582344,30.9807349547645,31.4886994868221,32.0012686241627,32.5185151687389,33.0405321715901,33.568060082099,..
Urban population (% of total population),SP.URB.TOTL.IN.ZS,Low & middle income,LMY,35.6963606561458,40.2713196482886,45.9660205065247,46.5207143069685,47.0659960291113,47.6103446456889,48.1549727727069,48.7026612350103,49.248569604555,49.7919979631628,50.3278442398155,..
Urban population (% of total population),SP.URB.TOTL.IN.ZS,Low income,LIC,23.268105350077,26.1508335317653,29.5727082436299,29.9140076042247,30.2309749978618,30.5512274079951,30.8863850291928,31.2873622959038,31.7016512701478,32.1289921646015,32.5722038899212,..
Urban population (% of total population),SP.URB.TOTL.IN.ZS,Lower middle income,LMC,29.7946686810305,32.983802585578,36.9380450630453,37.3635339549483,37.7917650095363,38.2269032945861,38.6682805830304,39.1176455874562,39.5731870618384,40.0360142653164,40.5078897764183,..
Urban population (% of total population),SP.URB.TOTL.IN.ZS,Middle East & North Africa,MEA,54.9404442331794,58.5956742955636,62.656620837851,63.0020017003942,63.3402890474028,63.674322747088,64.0000695782906,64.3709008106138,64.7195475050848,65.0525795492706,65.3719743231147,..
Urban population (% of total population),SP.URB.TOTL.IN.ZS,Middle East & North Africa (excluding high income),MNA,51.7674708866369,55.4468294851353,59.0509548191829,59.3424433747814,59.6375022268567,59.9402257031459,60.2416638836733,60.6016305470766,60.9416846531516,61.2705251900232,61.5905475175283,..
Urban population (% of total population),SP.URB.TOTL.IN.ZS,Middle East & North Africa (IDA & IBRD countries),TMN,51.6268601003718,55.2721271034165,58.8772007814101,59.1680959369609,59.4626572621304,59.7650187508709,60.0660759466011,60.4263378050077,60.7664050996666,61.095448226652,61.4145429982846,..
Urban population (% of total population),SP.URB.TOTL.IN.ZS,Middle income,MIC,36.743865798084,41.6192361575699,47.7907993148667,48.3947546962944,48.9908828221405,49.5859950671993,50.1810819818106,50.7738693398268,51.3649982539434,51.9536177517042,52.5342574698536,..
Urban population (% of total population),SP.URB.TOTL.IN.ZS,North America,NAC,75.433269385553,79.102424122048,80.7919856987222,80.9626422241652,81.1243012759744,81.2903741323439,81.4598720092243,81.6330941870292,81.8087699963432,81.9896533625039,82.1731548388538,..
Urban population (% of total population),SP.URB.TOTL.IN.ZS,Not classified,INX,..,..,..,..,..,..,..,..,..,..,..,..
Urban population (% of total population),SP.URB.TOTL.IN.ZS,OECD members,OED,73.2160858539094,75.7232389653102,79.0505205409302,79.2672538255332,79.4538350746471,79.6377147649518,79.8212875304,80.0096038638949,80.2005021191539,80.3951672458701,80.5933075710504,..
Urban population (% of total population),SP.URB.TOTL.IN.ZS,Other small states,OSS,45.4121395707558,49.8209902669071,57.4766600771289,58.2467809572079,58.9122885949953,59.4973871821482,60.0547692281278,60.5953654613588,61.1179903687112,61.6246354891074,62.1180381474502,..
Urban population (% of total population),SP.URB.TOTL.IN.ZS,Pacific island small states,PSS,31.5111765551262,34.5438807002668,36.8585337380262,37.1078306792137,37.3390131056972,37.5635862869273,37.8026175157066,38.041259603629,38.2907357416781,38.5304686134184,38.7813441179116,..
Urban population (% of total population),SP.URB.TOTL.IN.ZS,Post-demographic dividend,PST,74.0603494537475,76.4692846091502,79.8551061186935,80.0639782570373,80.2373364345989,80.4049521489009,80.5730546338616,80.7459607801151,80.9204443180372,81.0987661779984,81.2806947844979,..
Urban population (% of total population),SP.URB.TOTL.IN.ZS,Pre-demographic dividend,PRE,28.3426850158945,32.069050504144,36.8724270933765,37.4221737528511,37.961991742767,38.5052085341605,39.0497427304953,39.5938901250117,40.1368381981726,40.6808140791446,41.2269515142477,..
Urban population (% of total population),SP.URB.TOTL.IN.ZS,Small states,SST,45.2843733960703,48.8956405733822,54.7873202307851,55.4038027227389,55.950375849839,56.4393163500603,56.9121851866075,57.3772147691502,57.833585795942,58.2818794349659,58.7244240705329,..
Urban population (% of total population),SP.URB.TOTL.IN.ZS,South Asia,SAS,25.0648202379086,27.3813026238155,30.8173672497107,31.1838911739091,31.5607072640053,31.9444456764314,32.3368459178729,32.7375612918406,33.1463250923278,33.5641371405013,33.9923612456427,..
Urban population (% of total population),SP.URB.TOTL.IN.ZS,South Asia (IDA & IBRD),TSA,25.0648202379086,27.3813026238155,30.8173672497108,31.1838911739091,31.5607072640053,31.9444456764314,32.3368459178729,32.7375612918406,33.1463250923278,33.5641371405013,33.9923612456427,..
Urban population (% of total population),SP.URB.TOTL.IN.ZS,Sub-Saharan Africa,SSF,27.3640811686932,31.35364920515,35.9983826938931,36.5238556179803,37.0372293348024,37.5511126300957,38.0691040304669,38.5910727362463,39.1161646131931,39.6446620067182,40.1768233729515,..
Urban population (% of total population),SP.URB.TOTL.IN.ZS,Sub-Saharan Africa (excluding high income),SSA,27.3610920295561,31.3513223579953,35.9965915388542,36.5221717237434,37.0355854852706,37.5494923302212,38.0675104625981,38.5894951510559,39.1146168225524,39.6431453667406,40.175341337803,..
Urban population (% of total population),SP.URB.TOTL.IN.ZS,Sub-Saharan Africa (IDA & IBRD countries),TSS,27.3640811686932,31.35364920515,35.9983826938931,36.5238556179803,37.0372293348024,37.5511126300957,38.0691040304669,38.5910727362463,39.1161646131932,39.6446620067182,40.1768233729515,..
Urban population (% of total population),SP.URB.TOTL.IN.ZS,Upper middle income,UMC,43.0468820338536,50.1261943734951,59.4726276821499,60.3639997484894,61.2340771237281,62.0934983556894,62.9456603674218,63.7865780596604,64.6165589908403,65.433615735698,66.2333682980853,..
Urban population (% of total population),SP.URB.TOTL.IN.ZS,World,WLD,43.0311324284078,46.6890596387442,51.6452100333424,52.1028920587932,52.5540097108524,53.0045440772896,53.4569510115889,53.9133732048583,54.3696452042357,54.8222417409343,55.2705785486132,..
,,,,,,,,,,,,,,,
,,,,,,,,,,,,,,,
,,,,,,,,,,,,,,,
Data from database: World Development Indicators,,,,,,,,,,,,,,,
Last Updated: 12/20/2019,,,,,,,,,,,,,,,
